distance_km,duration_minutes,demand_index,traffic_level,weather_condition,day_of_week,hour_of_day,vehicle_type,ride_fare
6.24,38.2,0.96,7,Clear,Thu,12,Auto,115.67
14.31,71.9,1.85,3,Clear,Fri,17,Bike,184.48
11.25,65.0,2.68,7,Rainy,Sat,14,Bike,214.89
9.38,52.1,2.33,8,Clear,Tue,11,Bike,139.55
3.18,15.2,2.52,6,Clear,Sat,14,Auto,76.92
3.18,17.5,2.15,9,Rainy,Fri,12,Auto,82.53
1.81,9.2,2.23,6,Rainy,Sun,17,Car,92.39
13.13,80.7,2.62,9,Clear,Sun,14,Bike,236.57
9.42,51.2,1.12,4,Rainy,Sat,22,Bike,135.74
10.91,57.5,1.72,8,Rainy,Thu,10,Bike,178.39
1.29,7.5,1.05,4,Rainy,Wed,18,Auto,51.99
14.58,68.6,2.97,2,Clear,Thu,2,Car,440.5
12.65,80.6,2.86,9,Clear,Sat,6,Bike,225.61
3.97,23.6,0.6,5,Clear,Thu,20,Auto,92.35
3.55,16.5,2.26,4,Clear,Fri,13,Bike,63.09
3.57,16.6,2.81,2,Clear,Tue,13,Auto,93.4
5.26,25.4,0.95,1,Clear,Thu,21,Car,148.39
8.35,46.9,1.92,7,Clear,Fri,12,Bike,120.54
7.05,37.4,2.79,6,Clear,Tue,11,Bike,116.4
5.08,28.6,0.58,2,Clear,Sun,23,Car,144.57
9.57,56.6,2.24,8,Rainy,Wed,8,Car,331.81
2.95,14.0,1.24,4,Clear,Sat,0,Auto,61.94
5.09,24.9,2.81,8,Clear,Sun,18,Auto,112.34
6.13,34.3,2.93,7,Rainy,Wed,10,Bike,138.01
7.38,34.4,2.86,5,Clear,Sun,22,Auto,162.69
11.99,73.3,1.69,8,Rainy,Mon,21,Car,419.86
3.8,20.4,2.66,9,Rainy,Sun,22,Auto,108.5
8.2,40.8,2.61,5,Clear,Fri,23,Bike,132.45
9.29,41.1,1.3,5,Rainy,Tue,21,Bike,128.09
1.65,8.7,2.57,2,Clear,Sun,18,Bike,36.95
9.51,44.5,0.59,5,Clear,Thu,17,Bike,138.68
3.39,18.4,1.99,3,Clear,Wed,11,Bike,70.89
1.91,10.2,1.08,7,Clear,Sun,22,Bike,27.8
14.28,80.7,0.8,5,Rainy,Tue,0,Bike,225.78
14.52,84.0,0.69,8,Clear,Fri,18,Bike,181.64
12.32,52.2,2.24,1,Clear,Mon,19,Auto,220.42
5.26,28.7,1.35,3,Clear,Wed,16,Bike,90.05
2.37,10.5,2.31,3,Clear,Sat,4,Bike,32.69
10.58,58.0,0.66,9,Clear,Tue,2,Bike,127.58
7.16,34.2,1.29,5,Clear,Sat,1,Bike,114.88
2.71,16.5,1.85,9,Rainy,Tue,2,Auto,78.72
7.93,48.8,2.48,9,Clear,Tue,7,Bike,153.39
1.48,7.3,1.3,1,Clear,Fri,15,Auto,38.02
13.73,68.2,2.06,2,Clear,Fri,5,Car,386.6
4.62,25.9,2.71,5,Clear,Fri,12,Auto,133.21
10.28,45.5,2.04,4,Rainy,Sun,22,Auto,209.39
5.36,33.9,1.08,9,Clear,Thu,21,Car,169.5
8.28,41.8,0.56,7,Clear,Tue,21,Auto,127.03
8.65,51.8,2.68,6,Clear,Wed,15,Bike,148.25
3.59,21.2,0.55,7,Rainy,Sat,15,Bike,74.06
14.57,76.7,2.69,1,Clear,Fri,2,Car,459.92
11.85,60.2,1.82,1,Clear,Sun,12,Bike,153.74
14.15,80.1,2.85,8,Rainy,Fri,13,Bike,265.3
13.53,68.7,2.5,2,Clear,Sat,7,Auto,264.7
9.37,45.3,2.99,9,Rainy,Sat,11,Car,350.54
13.91,79.4,1.38,7,Rainy,Tue,22,Bike,209.19
2.24,12.2,2.42,6,Clear,Fri,22,Auto,77.15
3.74,20.3,1.5,1,Clear,Sat,21,Bike,62.54
1.63,7.9,1.7,1,Clear,Thu,20,Auto,50.88
5.55,24.2,2.07,2,Clear,Thu,7,Bike,76.71
6.44,32.1,2.68,6,Stormy,Fri,20,Bike,130.85
4.8,27.0,2.96,6,Clear,Sun,8,Car,216.1
12.6,57.1,2.42,2,Clear,Sat,0,Bike,198.23
5.99,27.1,1.54,1,Rainy,Tue,5,Auto,120.1
4.93,28.3,1.55,5,Clear,Tue,22,Bike,96.6
8.6,46.5,2.34,5,Clear,Sun,18,Bike,151.79
2.97,14.7,1.1,2,Clear,Tue,22,Auto,57.06
12.23,62.8,0.78,6,Clear,Mon,10,Bike,143.49
2.04,12.6,1.39,9,Rainy,Fri,10,Bike,55.45
14.82,68.8,1.22,2,Clear,Tue,22,Bike,182.25
11.81,62.7,1.24,2,Clear,Thu,12,Auto,198.56
3.78,16.8,1.08,3,Clear,Sat,10,Car,118.7
1.08,6.3,0.61,7,Clear,Wed,17,Car,39.89
12.42,67.1,0.54,6,Clear,Sun,22,Bike,151.82
10.9,60.8,2.97,8,Clear,Wed,14,Bike,178.7
11.21,62.5,1.57,8,Clear,Tue,0,Bike,152.09
11.8,65.2,1.46,6,Rainy,Wed,20,Car,360.21
2.04,9.1,2.2,3,Clear,Wed,6,Bike,47.03
6.02,32.8,1.05,3,Clear,Mon,22,Car,165.44
2.62,11.8,2.87,1,Clear,Thu,12,Bike,42.37
13.08,78.5,2.47,7,Rainy,Sun,11,Car,486.36
9.73,55.6,0.72,5,Rainy,Thu,17,Car,295.06
5.63,27.5,1.54,4,Clear,Mon,23,Car,174.46
1.89,10.6,2.7,4,Stormy,Mon,18,Bike,77.31
5.35,26.1,2.86,4,Clear,Wed,14,Bike,109.5
5.55,26.9,1.67,6,Clear,Fri,7,Bike,80.27
11.21,68.2,2.03,8,Clear,Sat,18,Bike,188.43
9.93,58.6,0.92,8,Clear,Sat,9,Bike,136.85
13.42,69.8,2.98,5,Rainy,Wed,6,Auto,325.42
7.61,39.2,1.08,6,Clear,Sat,17,Bike,103.29
2.67,13.1,2.86,4,Clear,Mon,15,Auto,66.9
10.99,70.1,2.12,9,Rainy,Thu,19,Auto,280.0
11.65,58.3,2.02,8,Clear,Sat,5,Bike,174.9
8.86,40.4,1.78,1,Clear,Sun,8,Car,236.22
11.79,58.0,1.08,2,Clear,Wed,20,Bike,141.84
7.91,43.7,0.94,9,Clear,Fri,12,Bike,103.67
8.32,44.5,1.05,8,Clear,Wed,20,Bike,104.94
6.99,31.8,0.97,3,Clear,Tue,7,Car,173.92
1.36,6.6,2.45,8,Clear,Wed,15,Bike,41.39
2.51,11.2,1.38,1,Clear,Mon,12,Bike,44.33
1.44,8.2,0.64,4,Rainy,Thu,12,Auto,39.69
9.91,43.8,2.92,3,Clear,Thu,16,Bike,168.81
5.4,30.6,2.71,6,Clear,Sun,22,Auto,111.73
8.12,48.5,2.82,7,Clear,Sat,19,Car,300.86
13.71,75.9,2.99,4,Clear,Mon,4,Car,459.21
4.49,27.2,0.93,7,Clear,Tue,21,Bike,61.59
6.75,34.9,1.49,9,Clear,Mon,20,Bike,105.18
11.58,52.9,2.4,2,Clear,Wed,16,Bike,165.08
4.2,20.8,2.24,3,Rainy,Mon,8,Bike,93.22
2.08,10.4,0.88,5,Clear,Mon,1,Bike,46.81
5.06,27.4,2.54,3,Rainy,Sun,17,Bike,119.35
3.26,18.2,1.06,8,Clear,Tue,8,Car,106.29
14.02,87.5,1.06,8,Rainy,Wed,5,Car,448.81
12.31,60.7,1.84,8,Clear,Fri,10,Bike,163.38
9.87,61.1,1.98,9,Rainy,Sun,5,Bike,178.86
13.2,64.5,1.95,4,Clear,Fri,5,Bike,180.11
12.25,65.2,0.73,5,Clear,Sun,12,Bike,157.57
3.61,18.6,2.69,5,Clear,Thu,10,Auto,98.17
13.5,79.4,1.16,8,Rainy,Sun,13,Auto,259.92
8.55,46.3,0.82,7,Clear,Sat,1,Car,234.09
12.3,78.5,2.72,9,Clear,Mon,7,Auto,285.01
13.55,85.1,2.89,8,Clear,Thu,2,Auto,309.62
5.45,30.1,2.66,2,Clear,Tue,22,Auto,127.94
2.54,11.3,2.52,4,Clear,Fri,20,Bike,37.09
4.19,25.1,2.14,6,Clear,Sun,2,Auto,112.26
6.98,37.3,1.88,2,Stormy,Mon,0,Bike,134.38
12.45,59.6,0.72,7,Rainy,Tue,23,Bike,162.21
13.05,58.2,1.52,3,Stormy,Sat,18,Bike,205.37
1.1,4.9,1.43,3,Clear,Tue,17,Bike,45.04
8.15,34.1,1.15,2,Rainy,Mon,16,Car,236.33
6.84,39.1,2.31,8,Rainy,Sat,19,Bike,144.41
4.11,24.8,1.74,6,Clear,Tue,23,Bike,73.4
2.68,12.7,0.7,1,Clear,Sat,12,Bike,30.8
5.73,28.2,1.05,1,Clear,Sun,2,Auto,101.9
14.2,86.9,2.21,7,Rainy,Sun,0,Bike,256.96
5.52,27.8,0.69,8,Clear,Mon,3,Car,158.74
8.26,47.3,2.63,5,Clear,Mon,12,Car,290.02
10.84,58.7,1.74,5,Clear,Sat,16,Auto,195.79
6.09,31.6,1.7,4,Rainy,Wed,10,Auto,128.83
14.6,74.2,1.98,6,Rainy,Thu,1,Bike,223.66
14.47,78.8,2.56,6,Stormy,Tue,15,Bike,293.38
4.52,19.9,1.37,3,Clear,Tue,1,Auto,91.64
7.96,46.7,2.2,9,Clear,Wed,18,Bike,142.77
5.21,26.7,1.91,7,Clear,Wed,22,Bike,88.91
4.99,27.1,1.17,1,Clear,Wed,18,Auto,76.22
1.52,8.2,2.7,7,Clear,Fri,15,Bike,24.8
9.53,44.3,2.49,5,Clear,Fri,21,Car,289.91
8.04,44.3,2.15,5,Clear,Sat,18,Bike,130.72
1.72,7.6,2.63,2,Clear,Fri,8,Auto,66.17
4.9,27.0,2.67,4,Rainy,Sun,0,Auto,131.47
13.72,83.6,2.27,6,Clear,Sun,9,Auto,281.03
4.35,25.2,2.59,7,Rainy,Mon,18,Bike,100.59
3.03,13.6,2.24,5,Clear,Sat,0,Auto,73.51
7.85,46.2,2.2,9,Clear,Tue,1,Car,264.78
14.8,79.1,2.05,3,Clear,Thu,15,Bike,199.34
4.39,23.4,2.38,1,Clear,Mon,11,Bike,79.56
10.41,46.1,0.9,4,Clear,Tue,7,Auto,162.89
11.66,64.2,2.7,9,Clear,Tue,22,Auto,245.35
4.33,22.2,2.68,4,Clear,Sat,17,Bike,88.2
11.2,49.5,0.57,2,Clear,Wed,1,Car,254.19
6.15,30.7,2.56,5,Clear,Wed,12,Bike,104.96
9.85,49.3,0.82,3,Stormy,Mon,5,Bike,152.46
9.87,59.9,1.34,9,Rainy,Wed,20,Auto,221.76
8.5,49.0,2.36,4,Rainy,Tue,5,Auto,206.77
2.26,12.3,0.9,6,Clear,Wed,8,Car,76.09
12.69,60.7,2.54,2,Rainy,Fri,15,Car,412.6
5.49,26.7,2.58,6,Rainy,Wed,10,Bike,110.07
3.61,21.0,1.77,3,Clear,Tue,6,Bike,45.3
1.57,10.1,0.52,9,Stormy,Sat,9,Bike,32.8
9.27,52.2,1.22,2,Clear,Mon,9,Auto,174.2
10.49,65.2,2.04,9,Rainy,Thu,19,Car,395.89
1.23,6.1,2.95,5,Rainy,Wed,17,Bike,51.71
8.17,49.3,2.08,8,Clear,Sun,23,Bike,146.9
4.17,20.0,1.15,2,Clear,Sun,19,Bike,63.19
10.03,51.0,2.09,6,Stormy,Tue,8,Car,368.0
3.44,18.8,1.85,3,Clear,Thu,14,Bike,60.52
10.67,48.3,2.45,5,Clear,Thu,3,Bike,138.32
6.41,32.0,0.77,8,Stormy,Fri,7,Auto,152.44
14.11,67.2,2.4,1,Clear,Thu,8,Car,396.83
2.93,15.4,1.85,5,Clear,Sun,12,Auto,66.86
5.77,32.9,2.91,3,Clear,Sat,8,Auto,151.35
2.59,12.0,1.35,4,Clear,Tue,3,Bike,29.42
13.95,61.4,2.08,2,Clear,Tue,16,Auto,231.1
13.28,67.8,2.83,9,Clear,Wed,15,Auto,284.24
4.61,20.2,0.76,3,Clear,Wed,14,Car,127.66
10.24,44.5,2.84,2,Clear,Wed,2,Bike,154.28
12.44,74.5,2.22,9,Rainy,Sun,19,Bike,224.49
8.77,47.2,0.67,7,Clear,Sun,4,Bike,125.97
8.42,48.6,1.25,6,Clear,Sun,22,Bike,129.01
4.39,24.6,2.27,1,Clear,Sun,4,Car,163.43
2.3,12.6,0.67,5,Clear,Sun,19,Bike,48.2
13.56,59.8,1.96,3,Clear,Sun,14,Bike,177.39
13.61,57.9,1.36,1,Clear,Sat,17,Bike,184.38
9.86,55.7,2.05,4,Rainy,Sun,14,Bike,146.41
5.75,28.6,0.61,2,Clear,Thu,1,Bike,88.83
5.89,32.0,2.68,2,Clear,Thu,12,Bike,113.46
11.16,61.8,2.93,3,Clear,Fri,3,Bike,191.43
13.56,82.2,2.92,8,Clear,Sat,9,Auto,314.25
13.42,83.7,2.37,8,Clear,Wed,12,Auto,293.25
11.92,64.6,0.83,7,Clear,Mon,9,Bike,163.96
9.99,50.6,2.4,6,Clear,Sun,8,Car,312.68
2.18,14.0,0.56,9,Rainy,Fri,7,Auto,51.89
3.26,17.3,0.56,4,Clear,Mon,2,Auto,73.37
13.58,57.1,1.31,1,Clear,Thu,15,Bike,176.24
9.49,56.2,1.72,8,Clear,Fri,13,Bike,129.39
1.13,6.4,2.43,7,Clear,Fri,8,Bike,59.09
2.42,14.5,2.21,7,Clear,Tue,20,Bike,43.76
10.29,54.5,1.61,3,Clear,Thu,10,Bike,136.13
1.07,5.3,1.18,4,Clear,Thu,2,Car,43.52
3.25,20.5,2.99,9,Clear,Sat,4,Bike,75.22
8.68,49.4,1.57,6,Clear,Fri,9,Bike,118.11
10.69,58.6,1.63,5,Clear,Sun,12,Auto,190.05
10.13,47.4,0.91,3,Clear,Thu,3,Bike,116.13
4.14,22.8,2.49,9,Clear,Fri,23,Auto,105.85
10.97,59.7,2.23,5,Clear,Sat,12,Auto,224.9
4.32,20.0,1.05,5,Rainy,Sun,11,Auto,102.14
5.56,26.6,0.71,4,Clear,Sat,4,Car,158.21
11.45,61.8,2.2,4,Rainy,Tue,9,Bike,203.48
10.09,48.6,2.14,1,Clear,Sun,23,Auto,187.02
12.89,68.7,1.18,7,Clear,Fri,8,Car,324.85
10.21,53.6,2.88,9,Clear,Thu,19,Auto,207.97
8.96,44.9,0.88,3,Clear,Thu,6,Bike,123.48
2.31,12.4,1.58,2,Clear,Fri,1,Car,99.22
6.15,29.0,2.86,3,Rainy,Fri,21,Bike,109.11
4.71,19.3,1.55,1,Clear,Fri,23,Car,120.79
4.42,24.6,2.1,6,Rainy,Wed,22,Bike,77.13
14.62,88.8,1.49,7,Clear,Sun,6,Auto,280.65
6.5,33.2,1.19,2,Rainy,Thu,7,Car,201.21
13.49,66.4,2.96,8,Clear,Sun,6,Bike,228.75
9.84,49.0,1.52,6,Rainy,Sat,20,Bike,145.75
12.13,69.5,2.74,4,Clear,Thu,22,Bike,200.99
8.04,39.3,1.07,5,Clear,Wed,13,Car,223.48
9.08,51.5,1.03,8,Clear,Fri,18,Car,232.79
7.9,38.3,0.58,3,Rainy,Tue,4,Auto,139.96
3.73,17.2,2.13,3,Clear,Fri,22,Auto,80.66
11.11,62.3,1.42,4,Rainy,Fri,17,Car,352.14
4.93,25.7,2.66,1,Clear,Wed,19,Bike,93.48
1.34,7.8,1.68,9,Rainy,Sun,11,Bike,32.24
10.04,52.3,2.92,8,Rainy,Thu,22,Auto,239.63
3.48,17.6,0.96,8,Rainy,Fri,16,Bike,37.82
14.17,76.5,2.67,6,Clear,Thu,12,Bike,235.59
14.36,81.3,2.44,7,Clear,Mon,1,Bike,233.23
13.81,67.1,2.43,6,Stormy,Sat,12,Bike,271.62
6.18,30.3,2.61,9,Clear,Sun,6,Car,209.6
1.22,5.4,2.4,3,Clear,Thu,9,Bike,43.1
14.0,80.4,2.07,3,Clear,Tue,22,Auto,265.6
6.99,38.0,0.83,3,Rainy,Sat,5,Bike,76.58
14.53,82.4,0.58,3,Clear,Tue,2,Bike,175.53
14.49,76.6,2.8,9,Clear,Fri,2,Bike,231.83
12.94,76.4,2.04,4,Rainy,Sat,17,Auto,276.49
5.12,25.4,2.49,7,Clear,Thu,10,Auto,126.03
6.39,35.3,1.7,9,Rainy,Sat,21,Car,238.11
12.92,77.4,0.79,7,Clear,Fri,19,Auto,224.15
5.44,29.8,0.81,9,Clear,Wed,4,Auto,100.72
3.37,16.8,2.21,3,Clear,Sun,18,Auto,81.72
8.8,40.9,1.58,4,Clear,Tue,21,Car,233.82
14.11,72.0,1.0,8,Rainy,Fri,18,Auto,261.13
10.74,59.2,1.73,6,Clear,Wed,14,Bike,143.67
8.98,49.9,0.66,5,Clear,Sat,15,Auto,140.1
2.36,13.0,1.95,4,Clear,Sat,23,Auto,56.14
9.61,55.7,1.17,8,Clear,Fri,8,Auto,184.44
14.86,75.1,2.49,1,Clear,Thu,3,Bike,217.49
2.96,14.0,1.28,9,Clear,Sat,14,Car,115.26
8.26,35.8,1.64,1,Clear,Thu,11,Car,227.91
13.28,84.5,0.53,8,Rainy,Thu,22,Bike,184.44
11.37,51.2,0.68,4,Clear,Sun,2,Car,266.29
10.76,63.5,1.48,9,Clear,Thu,22,Bike,157.27
10.83,52.6,1.7,5,Clear,Mon,13,Bike,154.72
6.03,32.7,2.0,3,Rainy,Sun,16,Bike,116.54
5.11,30.1,1.23,9,Clear,Wed,18,Bike,93.54
12.33,63.5,2.24,9,Clear,Wed,5,Car,380.44
12.34,60.0,2.65,4,Clear,Sat,3,Bike,205.43
13.14,71.6,2.45,4,Stormy,Sat,6,Bike,262.14
13.79,74.4,0.6,8,Clear,Thu,18,Bike,170.17
8.16,36.7,1.7,2,Rainy,Sun,16,Bike,120.05
8.02,47.4,0.76,9,Clear,Sun,15,Bike,105.76
12.18,59.7,1.11,6,Clear,Mon,14,Auto,205.18
10.1,62.9,2.97,9,Rainy,Thu,21,Bike,209.11
10.83,60.4,0.86,8,Clear,Mon,7,Car,289.74
12.14,57.5,1.75,7,Rainy,Thu,18,Car,372.17
13.46,69.4,2.05,1,Rainy,Tue,7,Bike,214.18
5.73,29.2,2.26,3,Rainy,Tue,17,Car,228.91
6.26,28.9,1.9,2,Clear,Fri,15,Bike,87.83
2.32,12.0,0.52,5,Rainy,Thu,19,Bike,47.18
9.1,45.3,1.32,5,Clear,Sun,18,Bike,121.13
1.5,7.3,1.79,5,Rainy,Sat,9,Bike,14.83
7.52,35.2,0.72,4,Clear,Wed,16,Auto,118.85
8.6,43.5,1.38,5,Rainy,Fri,12,Auto,161.29
5.01,23.7,0.58,3,Clear,Sat,12,Bike,64.6
9.27,47.3,0.7,1,Clear,Tue,6,Auto,146.98
1.43,7.8,1.49,5,Clear,Thu,9,Bike,38.45
1.52,8.4,0.83,9,Rainy,Fri,1,Auto,42.17
12.52,76.8,1.92,9,Clear,Thu,3,Bike,196.14
6.04,34.3,2.22,4,Clear,Tue,5,Bike,110.72
2.78,14.5,2.5,3,Rainy,Fri,23,Bike,55.15
8.31,41.9,1.0,1,Clear,Tue,17,Bike,88.94
11.78,54.5,0.92,2,Clear,Mon,22,Auto,182.85
4.02,25.3,0.76,8,Clear,Tue,5,Car,140.92
9.72,40.1,2.09,1,Clear,Sun,22,Bike,138.52
2.19,11.9,2.27,8,Clear,Sun,16,Auto,66.35
1.72,9.9,0.58,7,Clear,Thu,13,Auto,57.07
8.44,41.9,2.84,8,Clear,Wed,23,Car,296.16
8.57,42.2,0.63,6,Clear,Tue,10,Bike,102.3
9.92,57.9,1.85,9,Rainy,Sat,18,Bike,175.18
11.17,56.9,2.27,3,Clear,Sun,1,Car,338.89
14.66,80.6,2.68,4,Clear,Wed,2,Auto,305.08
8.23,48.0,2.29,6,Rainy,Mon,10,Bike,164.23
5.52,28.2,2.5,8,Clear,Fri,5,Bike,95.79
12.13,54.8,1.35,5,Clear,Fri,13,Bike,148.18
4.79,25.8,2.54,3,Rainy,Sun,18,Auto,98.66
7.15,36.0,0.7,6,Rainy,Wed,15,Auto,124.13
2.1,11.2,2.74,4,Rainy,Sun,20,Bike,41.84
1.35,7.1,1.87,9,Rainy,Fri,21,Auto,50.67
14.48,72.6,2.54,3,Rainy,Tue,23,Auto,299.25
12.7,66.4,1.63,4,Clear,Wed,6,Auto,235.23
10.74,60.4,2.11,7,Rainy,Thu,7,Auto,253.67
6.73,36.9,1.82,7,Clear,Tue,18,Car,214.96
3.43,17.4,2.33,4,Rainy,Tue,19,Bike,61.5
3.19,16.2,0.7,6,Clear,Tue,15,Car,101.95
4.5,19.7,0.65,3,Clear,Thu,21,Bike,78.0
8.69,41.7,1.12,6,Clear,Mon,6,Bike,129.76
11.0,53.1,0.9,2,Rainy,Sat,8,Bike,132.48
10.24,53.7,2.68,8,Clear,Sun,12,Bike,155.35
4.92,24.4,1.05,2,Rainy,Fri,0,Bike,60.13
14.37,72.6,2.94,7,Rainy,Sun,7,Bike,244.22
11.33,66.4,1.34,9,Clear,Wed,23,Car,332.78
8.76,47.4,0.96,1,Rainy,Mon,21,Bike,121.15
9.56,51.0,2.47,8,Rainy,Wed,3,Auto,216.11
6.87,34.7,2.15,7,Clear,Sun,2,Bike,120.77
4.47,21.7,1.75,6,Clear,Fri,2,Car,150.72
5.98,32.7,1.89,6,Clear,Thu,21,Auto,110.23
11.61,62.2,2.3,6,Clear,Sun,12,Bike,191.09
1.2,6.1,1.07,9,Clear,Tue,7,Auto,43.92
2.63,13.6,2.99,2,Rainy,Sun,6,Auto,88.6
1.64,7.1,2.94,1,Clear,Tue,0,Auto,47.98
1.57,8.4,2.13,6,Rainy,Thu,15,Auto,54.76
12.98,73.5,1.0,8,Clear,Sun,5,Auto,206.38
10.85,58.5,2.2,3,Clear,Mon,6,Auto,225.13
7.64,32.0,0.68,1,Rainy,Mon,11,Bike,87.07
2.37,14.8,0.58,9,Rainy,Wed,22,Bike,39.02
7.88,40.5,1.14,1,Clear,Thu,8,Car,202.31
7.63,35.5,1.66,3,Clear,Mon,10,Bike,125.11
3.42,17.1,2.67,8,Clear,Sun,9,Bike,61.75
7.07,35.0,2.32,3,Clear,Thu,20,Bike,121.76
6.58,36.6,2.36,4,Clear,Fri,0,Bike,112.07
9.62,58.7,1.56,8,Clear,Tue,17,Car,290.41
9.89,48.3,1.36,1,Clear,Sun,3,Bike,119.68
1.63,9.6,1.43,6,Rainy,Tue,4,Bike,35.35
6.24,25.7,2.97,1,Clear,Tue,8,Auto,130.58
9.76,40.7,0.6,1,Clear,Thu,16,Car,220.37
8.04,50.1,2.67,8,Clear,Thu,2,Bike,143.98
12.99,72.7,1.95,4,Rainy,Wed,15,Bike,208.24
10.22,48.7,1.6,1,Rainy,Tue,4,Car,291.91
3.28,19.3,2.31,7,Clear,Wed,15,Auto,75.43
1.99,11.7,1.72,5,Rainy,Tue,2,Bike,35.71
9.99,55.8,2.68,5,Clear,Wed,19,Bike,178.41
1.37,7.4,2.75,1,Clear,Wed,14,Bike,33.63
9.2,53.1,1.55,6,Clear,Fri,2,Bike,133.87
14.16,72.6,1.19,9,Clear,Wed,19,Bike,178.99
9.06,55.0,1.98,9,Rainy,Thu,13,Car,327.32
6.43,33.0,2.78,8,Rainy,Wed,15,Bike,129.33
10.01,57.5,1.03,5,Clear,Tue,16,Auto,173.56
7.42,35.4,2.06,1,Clear,Wed,23,Bike,112.17
8.64,49.7,2.08,9,Clear,Mon,19,Auto,199.18
14.18,68.7,2.33,1,Clear,Sat,22,Auto,255.96
6.41,31.9,0.83,8,Clear,Tue,17,Bike,82.1
14.46,70.1,2.29,5,Clear,Mon,17,Auto,279.38
13.67,79.3,2.77,3,Clear,Tue,21,Bike,242.86
3.74,22.7,0.95,7,Clear,Thu,13,Car,111.95
1.97,10.3,1.09,7,Clear,Sat,17,Car,60.96
2.41,15.8,2.93,9,Clear,Sat,14,Bike,61.49
1.26,7.6,0.95,7,Rainy,Thu,14,Bike,33.19
2.32,12.2,2.64,3,Clear,Sat,5,Bike,59.08
10.56,44.1,1.73,1,Stormy,Thu,14,Auto,225.79
2.0,12.3,1.12,8,Clear,Mon,17,Bike,41.51
5.47,28.2,2.68,3,Rainy,Fri,3,Bike,116.88
12.83,79.7,1.61,8,Rainy,Tue,22,Bike,209.5
1.33,8.0,1.79,8,Clear,Thu,7,Bike,38.31
12.4,70.7,1.4,5,Clear,Tue,14,Auto,215.21
4.95,25.6,1.98,1,Rainy,Mon,2,Bike,88.83
2.65,13.8,0.91,7,Clear,Fri,14,Auto,44.79
10.75,53.2,1.48,5,Clear,Mon,12,Bike,134.59
9.81,51.5,2.92,8,Clear,Sat,8,Bike,185.34
13.28,66.9,1.15,9,Clear,Tue,1,Auto,206.27
11.29,63.1,2.14,7,Clear,Sun,23,Car,352.96
12.25,70.9,1.31,7,Rainy,Fri,7,Auto,256.66
4.95,26.7,2.43,1,Clear,Sat,19,Bike,109.6
3.48,16.1,0.83,4,Clear,Fri,16,Bike,53.31
11.51,57.8,2.92,2,Rainy,Sat,12,Car,408.41
12.3,52.1,1.63,2,Clear,Mon,0,Bike,155.11
14.87,64.8,1.09,2,Stormy,Thu,1,Bike,225.62
6.78,30.5,0.68,4,Clear,Tue,14,Car,171.03
6.21,32.2,0.92,1,Clear,Wed,11,Car,162.2
11.87,53.5,1.8,4,Rainy,Wed,13,Car,360.84
5.77,30.7,1.34,2,Clear,Mon,1,Car,166.29
14.03,67.3,2.57,5,Rainy,Tue,17,Car,447.04
13.02,72.8,1.58,3,Stormy,Tue,21,Bike,213.93
7.01,42.2,1.12,8,Rainy,Mon,6,Bike,114.42
11.51,67.8,2.04,4,Clear,Tue,22,Auto,235.38
11.56,62.6,2.27,1,Rainy,Thu,5,Auto,261.82
2.44,13.4,0.92,1,Clear,Mon,13,Bike,49.26
13.64,75.5,0.92,3,Clear,Thu,7,Bike,174.36
8.07,48.5,0.59,9,Rainy,Tue,21,Bike,131.73
12.57,61.4,2.34,7,Clear,Mon,1,Auto,245.23
5.48,25.2,2.16,2,Rainy,Tue,16,Bike,82.13
13.54,70.4,1.69,9,Rainy,Mon,4,Bike,196.64
6.45,33.1,2.61,2,Rainy,Tue,13,Auto,168.58
1.15,5.8,2.51,3,Clear,Thu,23,Auto,22.38
13.68,74.9,1.96,2,Rainy,Sun,19,Bike,217.4
2.28,13.1,2.67,3,Clear,Thu,20,Auto,99.04
5.47,29.1,1.01,6,Rainy,Tue,20,Auto,118.32
14.3,81.5,0.78,9,Clear,Mon,21,Bike,183.14
14.31,93.5,1.17,9,Clear,Wed,2,Bike,193.79
9.03,47.0,0.64,7,Clear,Thu,4,Bike,130.11
9.85,53.5,1.83,3,Clear,Thu,15,Bike,158.26
7.28,34.7,2.84,4,Clear,Sat,17,Car,249.48
5.1,28.4,0.6,6,Rainy,Wed,16,Bike,79.11
5.6,27.4,0.81,5,Clear,Tue,10,Auto,104.03
10.42,57.4,1.63,2,Clear,Sun,16,Bike,148.25
11.53,62.3,2.83,6,Clear,Mon,15,Bike,183.17
12.08,55.9,1.29,3,Clear,Sat,22,Auto,206.36
12.05,60.8,1.77,8,Clear,Tue,1,Bike,171.37
2.28,11.3,0.6,2,Clear,Fri,3,Bike,43.17
7.92,43.7,0.87,1,Clear,Sun,20,Bike,103.86
1.81,10.7,2.97,9,Clear,Thu,6,Bike,54.34
8.69,44.1,2.91,3,Clear,Fri,1,Auto,188.8
7.18,33.1,0.51,1,Clear,Thu,5,Bike,83.71
13.43,75.1,2.88,7,Clear,Thu,16,Car,455.35
5.91,32.9,2.1,5,Rainy,Fri,6,Auto,172.53
2.64,15.0,2.67,5,Rainy,Sun,4,Bike,72.91
3.0,13.8,1.64,1,Clear,Fri,4,Bike,77.28
11.66,70.3,1.79,9,Stormy,Tue,19,Bike,228.51
9.66,54.9,1.72,7,Clear,Sat,15,Auto,188.51
2.42,15.5,2.17,8,Clear,Sat,18,Bike,44.71
2.18,13.9,0.85,9,Stormy,Fri,8,Car,124.0
10.81,63.6,0.57,6,Clear,Tue,4,Bike,130.1
2.02,11.4,1.27,5,Rainy,Sat,7,Car,108.78
12.51,63.4,2.26,6,Clear,Tue,8,Bike,177.88
10.89,59.2,1.0,2,Clear,Tue,4,Car,291.7
2.14,10.7,2.18,4,Clear,Thu,9,Bike,30.36
2.19,10.4,2.92,3,Rainy,Sat,1,Bike,50.92
14.81,77.0,0.73,7,Clear,Sat,8,Bike,180.12
6.24,37.5,2.18,9,Rainy,Thu,10,Bike,116.56
6.19,29.0,1.61,5,Clear,Fri,3,Car,179.43
12.38,64.6,2.67,6,Clear,Thu,21,Bike,196.9
14.26,70.9,0.94,2,Clear,Sat,21,Bike,179.65
14.8,65.1,2.23,3,Clear,Sat,21,Auto,241.72
11.55,53.1,2.6,3,Rainy,Sun,1,Bike,183.95
6.27,37.5,2.86,9,Clear,Fri,22,Auto,170.2
2.17,13.0,2.21,7,Rainy,Thu,5,Auto,77.73
11.88,62.7,1.74,8,Rainy,Mon,13,Bike,202.48
8.82,56.3,2.04,9,Clear,Mon,0,Car,310.66
6.94,40.1,2.67,6,Clear,Fri,17,Bike,114.46
13.69,68.5,1.93,4,Clear,Thu,6,Bike,199.14
2.56,13.4,0.58,1,Clear,Thu,0,Auto,54.65
7.9,50.5,2.83,8,Clear,Tue,0,Auto,219.12
1.16,6.3,2.22,7,Clear,Sat,0,Bike,42.68
7.56,34.6,2.19,2,Clear,Wed,23,Auto,151.68
1.79,11.0,1.04,8,Clear,Sun,3,Bike,45.35
2.66,14.5,2.15,5,Clear,Fri,3,Bike,59.47
2.65,13.1,1.48,7,Clear,Wed,17,Car,102.02
10.09,52.8,2.13,4,Clear,Wed,10,Bike,150.71
11.44,60.0,0.77,5,Rainy,Fri,0,Bike,162.03
9.17,55.2,2.14,8,Clear,Thu,9,Car,316.76
14.47,70.7,3.0,1,Clear,Fri,8,Car,460.97
6.25,27.9,0.62,1,Rainy,Wed,22,Bike,92.86
5.0,26.9,2.94,4,Clear,Sat,3,Auto,138.49
13.16,67.4,1.52,3,Clear,Sun,5,Auto,240.98
4.13,18.6,2.68,2,Clear,Sun,15,Car,153.41
14.49,74.4,2.46,3,Clear,Sat,1,Car,425.41
1.17,6.3,1.92,1,Clear,Sat,22,Bike,21.01
14.58,60.5,2.35,1,Clear,Thu,17,Bike,192.98
1.6,8.9,2.7,6,Clear,Mon,9,Bike,43.89
13.48,67.5,1.51,5,Clear,Fri,23,Auto,248.35
8.39,44.4,1.32,8,Rainy,Sun,23,Auto,143.62
14.9,71.0,2.17,2,Rainy,Sat,16,Auto,286.86
2.03,10.1,2.52,4,Clear,Fri,12,Car,91.44
8.75,51.8,2.41,8,Rainy,Sun,23,Bike,156.49
14.57,73.6,2.49,6,Clear,Sat,17,Bike,213.93
8.32,43.2,1.59,1,Clear,Sun,21,Bike,113.46
9.81,44.9,2.54,4,Rainy,Thu,12,Bike,154.0
10.74,59.4,0.8,1,Clear,Mon,16,Bike,128.18
7.36,37.8,1.86,2,Clear,Mon,4,Bike,124.31
9.79,53.8,0.51,5,Clear,Sat,10,Auto,164.2
9.18,48.6,1.31,8,Clear,Sun,6,Car,266.56
13.62,75.9,1.42,8,Rainy,Thu,9,Auto,273.79
1.64,7.7,1.49,3,Rainy,Tue,16,Auto,60.73
4.93,28.2,2.24,4,Rainy,Fri,14,Bike,105.8
14.31,75.9,1.47,6,Rainy,Fri,17,Auto,285.38
13.46,71.3,1.62,3,Clear,Wed,22,Auto,234.97
7.38,39.1,1.09,2,Clear,Thu,21,Auto,126.79
9.68,50.3,1.43,6,Clear,Sun,18,Bike,146.07
4.88,27.6,1.07,5,Clear,Wed,1,Bike,69.61
3.63,20.3,0.68,5,Clear,Sat,3,Bike,43.02
7.49,41.6,2.01,5,Stormy,Sun,2,Auto,190.19
5.95,31.1,2.17,5,Clear,Wed,6,Car,213.04
9.17,44.5,2.05,3,Clear,Mon,23,Car,263.42
2.09,10.6,1.66,7,Clear,Fri,17,Bike,46.68
14.64,84.7,1.45,6,Clear,Sun,9,Auto,263.55
14.81,78.1,2.66,4,Rainy,Wed,6,Car,518.76
10.77,52.3,1.8,2,Clear,Mon,7,Bike,154.42
8.51,52.8,1.7,9,Clear,Thu,5,Bike,123.52
5.33,22.3,0.56,1,Rainy,Wed,21,Car,144.85
12.39,70.5,1.35,4,Clear,Sat,0,Bike,155.69
10.59,59.3,1.45,1,Clear,Sat,3,Car,291.58
3.28,19.4,1.5,6,Clear,Sat,13,Car,120.31
13.75,78.1,1.95,4,Rainy,Sun,16,Auto,312.66
12.52,62.2,1.83,5,Clear,Fri,19,Car,354.22
14.3,70.1,2.02,5,Rainy,Wed,17,Auto,280.92
11.16,68.6,2.41,9,Rainy,Thu,10,Auto,271.72
9.59,43.7,2.53,1,Clear,Wed,20,Bike,152.35
6.86,30.7,2.3,2,Stormy,Fri,13,Bike,122.97
14.06,82.8,2.89,6,Rainy,Mon,8,Bike,277.69
13.12,64.4,0.55,5,Rainy,Fri,14,Auto,210.73
1.63,9.9,0.99,7,Rainy,Sat,11,Bike,30.47
1.37,7.6,0.52,3,Clear,Sun,9,Bike,24.19
6.27,34.8,2.12,3,Clear,Mon,18,Bike,87.88
12.35,66.5,2.75,2,Clear,Sun,23,Auto,236.99
14.82,84.0,1.11,3,Clear,Sat,18,Car,388.99
3.11,16.5,2.82,1,Clear,Tue,5,Car,127.92
9.32,49.8,0.65,5,Rainy,Fri,19,Bike,131.87
6.33,30.8,2.84,5,Rainy,Fri,23,Car,239.95
14.58,88.4,1.38,7,Clear,Thu,5,Auto,296.97
12.79,71.5,0.75,4,Rainy,Wed,7,Auto,231.92
12.74,64.1,1.71,3,Rainy,Mon,0,Auto,236.1
7.56,31.4,1.14,1,Clear,Sun,21,Bike,82.3
6.81,39.6,1.21,8,Clear,Mon,16,Car,206.01
4.83,21.2,1.27,3,Clear,Thu,16,Bike,64.17
1.79,10.0,2.51,2,Rainy,Thu,23,Bike,36.56
13.11,76.0,1.85,4,Clear,Sun,14,Auto,254.63
12.38,56.5,1.28,3,Clear,Wed,6,Bike,153.17
15.0,76.7,2.03,1,Clear,Sun,18,Bike,226.98
14.95,66.6,2.29,3,Rainy,Sun,21,Auto,286.17
8.78,46.7,1.18,2,Rainy,Sat,22,Bike,126.65
11.77,63.6,1.53,8,Rainy,Wed,2,Auto,256.25
14.23,81.6,0.8,6,Stormy,Fri,21,Auto,300.43
12.9,69.4,0.95,9,Rainy,Sat,10,Auto,231.48
4.46,21.8,2.2,8,Rainy,Tue,19,Auto,104.31
7.31,35.8,0.95,3,Rainy,Wed,18,Auto,124.11
2.81,13.3,1.81,5,Rainy,Thu,8,Auto,74.89
14.36,79.7,2.27,7,Clear,Sat,9,Auto,301.28
9.49,43.9,0.77,5,Clear,Wed,1,Auto,164.88
4.2,23.5,1.92,8,Clear,Mon,0,Auto,83.53
10.4,61.5,1.14,5,Clear,Sun,15,Car,301.4
9.65,51.9,2.91,1,Clear,Tue,17,Bike,163.47
6.01,34.5,1.71,5,Clear,Fri,22,Bike,94.92
2.59,15.0,2.51,4,Stormy,Sun,16,Car,138.9
10.4,49.7,1.88,6,Rainy,Mon,5,Bike,143.51
8.28,37.0,0.61,3,Rainy,Mon,13,Bike,112.8
11.81,62.8,2.08,5,Clear,Tue,22,Auto,217.57
8.28,46.0,2.88,2,Clear,Fri,14,Bike,136.42
12.93,77.5,2.0,6,Clear,Thu,13,Bike,207.16
8.73,41.0,2.55,6,Clear,Sat,23,Car,256.33
8.85,44.9,2.71,5,Clear,Fri,21,Auto,176.1
13.27,64.0,1.07,6,Clear,Wed,2,Bike,177.04
6.65,38.8,1.03,7,Rainy,Mon,23,Car,216.81
2.88,15.6,2.03,5,Rainy,Wed,22,Car,118.34
1.4,6.0,1.53,1,Clear,Thu,18,Bike,33.05
11.57,62.8,2.6,8,Clear,Wed,11,Bike,197.19
9.68,53.2,2.75,4,Clear,Fri,1,Car,337.72
10.86,65.6,1.38,9,Clear,Wed,2,Auto,199.8
3.98,18.1,1.09,6,Rainy,Thu,17,Auto,74.54
2.91,15.8,2.45,1,Clear,Thu,0,Car,124.49
1.2,6.2,1.19,3,Clear,Thu,19,Auto,44.97
5.91,32.6,2.56,3,Clear,Fri,20,Bike,90.98
9.26,52.1,1.56,4,Clear,Thu,5,Auto,167.27
6.49,31.7,2.17,6,Clear,Mon,4,Bike,101.66
7.12,33.9,0.74,7,Rainy,Sun,0,Auto,130.31
13.66,73.9,2.06,4,Clear,Thu,18,Auto,263.96
5.88,28.8,1.63,6,Clear,Wed,0,Bike,75.49
8.2,44.1,1.97,1,Clear,Sat,20,Auto,162.96
11.97,70.0,0.92,8,Clear,Wed,20,Bike,155.0
6.55,39.6,2.34,7,Rainy,Sat,15,Bike,117.67
9.71,51.5,2.66,9,Clear,Wed,11,Auto,212.08
13.07,62.9,1.04,3,Clear,Fri,21,Bike,158.24
14.29,74.2,0.74,2,Clear,Wed,7,Auto,229.1
3.06,12.6,0.56,1,Clear,Fri,15,Bike,34.28
13.97,76.0,2.1,3,Clear,Fri,0,Auto,272.03
7.89,45.2,2.02,5,Clear,Thu,3,Car,239.86
4.62,22.4,1.87,2,Clear,Mon,9,Auto,93.81
7.43,40.3,1.08,3,Rainy,Sat,10,Bike,117.85
14.72,69.0,1.48,4,Clear,Thu,16,Car,381.32
7.9,41.8,1.99,7,Rainy,Thu,22,Bike,142.1
5.6,32.0,1.74,3,Clear,Sun,6,Bike,99.38
9.87,64.1,2.97,9,Rainy,Fri,11,Bike,203.72
4.36,24.4,0.84,8,Rainy,Fri,20,Bike,78.45
2.06,12.0,2.24,4,Clear,Sat,6,Car,114.33
2.8,13.7,1.51,1,Rainy,Wed,11,Bike,49.44
2.79,12.7,1.57,1,Clear,Wed,14,Auto,76.65
3.13,14.0,2.29,1,Rainy,Thu,1,Auto,90.44
2.94,16.1,2.23,1,Clear,Tue,13,Bike,55.52
9.97,51.6,2.98,8,Clear,Tue,12,Auto,220.16
3.55,18.5,0.82,3,Clear,Wed,3,Bike,55.38
5.84,31.1,0.76,6,Stormy,Tue,13,Bike,109.14
13.56,73.4,2.31,3,Clear,Sun,13,Bike,210.87
7.64,40.1,1.95,5,Clear,Wed,15,Car,232.11
10.35,52.6,1.19,7,Rainy,Fri,6,Car,283.12
3.41,15.1,0.7,2,Rainy,Thu,18,Bike,60.16
3.69,20.6,0.71,6,Clear,Mon,1,Bike,37.77
1.57,8.8,2.74,6,Clear,Thu,9,Auto,42.59
3.37,17.5,0.98,3,Clear,Wed,17,Bike,49.39
4.9,28.3,1.31,6,Clear,Sun,16,Car,145.4
3.48,16.3,1.07,5,Clear,Wed,4,Auto,73.29
2.24,12.3,1.39,2,Rainy,Thu,11,Bike,45.08
2.69,15.3,0.67,9,Clear,Sun,5,Car,100.47
7.45,37.1,1.8,8,Clear,Sun,21,Bike,96.66
3.89,19.5,0.67,3,Clear,Sun,8,Car,104.99
6.1,36.7,2.5,8,Clear,Sat,19,Car,226.61
8.05,50.6,1.08,9,Clear,Wed,0,Bike,121.98
10.67,50.0,1.85,3,Clear,Tue,21,Bike,154.21
1.55,8.3,2.7,3,Clear,Tue,14,Car,74.05
12.19,52.6,2.13,2,Rainy,Wed,20,Car,358.88
9.79,45.9,1.83,8,Clear,Wed,5,Bike,144.63
2.14,10.5,1.31,1,Stormy,Sat,18,Car,78.77
13.23,76.9,1.33,8,Rainy,Tue,17,Bike,210.78
13.89,83.2,2.17,7,Clear,Wed,5,Bike,230.18
1.86,9.8,2.99,7,Rainy,Wed,12,Car,93.13
4.88,20.9,2.15,3,Clear,Sat,0,Bike,74.0
12.29,59.1,1.89,1,Clear,Sat,22,Car,351.22
11.48,50.3,2.33,4,Rainy,Thu,22,Bike,186.23
3.58,17.8,1.66,9,Clear,Sat,12,Auto,85.49
3.93,19.6,0.65,5,Clear,Mon,6,Bike,66.41
6.19,29.4,1.91,1,Rainy,Tue,14,Auto,150.97
7.78,37.8,2.89,5,Clear,Thu,11,Auto,170.13
9.66,53.7,0.94,8,Clear,Mon,0,Bike,127.03
6.16,29.1,2.23,8,Rainy,Wed,14,Auto,152.38
7.48,34.8,1.0,5,Clear,Wed,3,Bike,94.91
11.46,69.0,1.84,9,Clear,Thu,12,Bike,171.84
1.51,6.5,0.74,1,Clear,Sat,22,Car,53.43
4.53,24.3,1.63,4,Clear,Sun,4,Bike,77.53
10.99,48.3,2.39,3,Clear,Sun,1,Auto,200.53
13.53,65.5,1.37,2,Stormy,Wed,22,Auto,275.96
8.16,42.4,2.16,8,Clear,Sun,0,Auto,158.8
8.45,41.7,2.49,7,Clear,Fri,15,Bike,150.29
2.5,14.0,2.82,9,Rainy,Thu,22,Bike,61.18
7.26,40.6,1.09,2,Rainy,Mon,5,Bike,105.02
8.46,38.3,1.5,4,Clear,Thu,22,Auto,141.71
4.39,22.5,0.88,6,Clear,Tue,15,Car,137.28
4.77,25.6,2.98,3,Clear,Sat,13,Auto,124.49
6.28,35.2,2.82,8,Clear,Sat,2,Bike,111.83
1.28,7.0,1.85,3,Clear,Thu,14,Bike,34.36
5.51,24.4,2.61,2,Clear,Wed,2,Bike,93.23
3.96,22.5,1.8,3,Rainy,Wed,22,Bike,69.9
5.58,28.8,2.06,6,Rainy,Fri,1,Bike,86.19
2.68,12.6,0.72,2,Clear,Fri,0,Bike,47.34
13.47,83.0,2.39,8,Clear,Sat,8,Bike,220.23
9.31,46.1,0.82,1,Clear,Fri,8,Bike,118.73
10.51,56.6,2.57,7,Clear,Mon,22,Bike,175.92
12.05,64.1,2.46,2,Clear,Fri,6,Bike,187.43
7.98,43.5,2.27,6,Rainy,Mon,2,Bike,139.71
2.22,9.8,0.59,2,Clear,Fri,17,Bike,29.67
8.52,44.6,1.26,2,Clear,Sat,10,Auto,139.93
9.22,47.0,1.16,8,Rainy,Sat,6,Bike,131.39
11.44,62.0,1.4,2,Clear,Mon,8,Bike,162.12
7.04,44.2,0.72,7,Clear,Thu,0,Bike,115.45
2.79,13.7,2.84,3,Clear,Sat,13,Bike,71.33
4.97,27.8,1.88,8,Clear,Thu,19,Bike,87.3
6.08,28.9,1.26,7,Rainy,Wed,5,Bike,108.88
10.04,49.2,1.49,8,Clear,Mon,6,Auto,177.4
8.99,55.9,1.62,7,Clear,Sun,9,Bike,129.55
5.99,29.0,2.0,6,Clear,Sat,6,Bike,113.79
14.81,77.9,1.79,7,Stormy,Tue,1,Car,532.48
9.48,54.3,2.8,5,Clear,Wed,3,Bike,149.81
4.32,26.2,1.74,7,Clear,Thu,20,Bike,93.3
2.42,11.8,2.98,1,Clear,Sat,16,Car,100.21
3.14,15.6,2.63,1,Clear,Mon,0,Car,118.39
4.44,25.7,1.02,9,Clear,Sun,9,Bike,81.16
3.25,19.1,2.83,5,Clear,Fri,18,Bike,84.01
3.61,19.8,0.79,5,Clear,Sun,14,Bike,46.21
4.99,25.6,2.54,3,Clear,Tue,9,Bike,102.93
3.43,15.2,1.45,5,Rainy,Thu,18,Auto,87.89
13.55,60.1,2.69,3,Clear,Wed,11,Bike,190.02
2.12,12.3,2.67,9,Clear,Sun,23,Bike,50.06
8.34,51.3,2.51,9,Clear,Mon,15,Car,315.85
6.75,40.6,2.48,6,Stormy,Tue,8,Car,288.94
14.75,82.2,1.26,1,Clear,Mon,14,Bike,208.6
2.57,14.2,0.7,7,Rainy,Sat,16,Auto,71.72
6.57,38.7,1.51,7,Rainy,Fri,13,Bike,119.94
14.57,82.7,0.93,4,Clear,Wed,17,Car,376.98
13.12,74.7,2.24,8,Stormy,Mon,1,Bike,280.77
12.44,62.9,1.37,6,Clear,Thu,3,Bike,187.09
4.61,23.5,2.94,4,Clear,Sat,17,Bike,81.03
3.39,19.4,2.1,4,Rainy,Sat,6,Bike,77.99
10.36,47.8,2.56,2,Rainy,Wed,12,Bike,189.51
14.01,78.4,0.83,2,Clear,Sat,14,Auto,220.28
8.79,42.1,2.66,4,Clear,Thu,22,Auto,184.04
9.0,50.0,2.81,5,Clear,Mon,21,Bike,165.78
4.92,27.5,1.72,8,Rainy,Wed,0,Bike,71.51
11.77,66.8,2.02,6,Clear,Sat,10,Bike,190.24
3.62,18.4,2.41,4,Clear,Sat,9,Car,125.42
5.53,33.2,0.94,7,Clear,Thu,4,Car,170.0
6.96,39.8,1.76,8,Clear,Fri,15,Car,236.34
8.11,37.6,1.5,2,Rainy,Fri,10,Car,217.28
4.39,25.0,0.87,7,Clear,Sun,20,Bike,75.49
2.61,12.0,1.42,2,Stormy,Sat,5,Bike,77.49
9.55,44.2,0.67,2,Clear,Mon,8,Auto,139.62
5.04,27.7,0.56,8,Rainy,Wed,12,Car,162.17
9.14,50.4,0.84,2,Clear,Sat,23,Bike,132.34
3.16,18.3,2.91,9,Clear,Tue,7,Bike,54.66
7.74,39.6,1.87,1,Clear,Wed,13,Car,237.37
8.46,46.2,2.91,9,Clear,Sun,23,Bike,161.28
1.73,7.8,1.58,1,Clear,Fri,0,Bike,42.54
5.71,32.0,1.28,2,Stormy,Sat,16,Auto,140.43
2.88,15.6,1.77,6,Clear,Thu,23,Bike,45.15
1.89,11.4,1.6,6,Clear,Tue,4,Bike,56.5
14.86,65.3,0.76,1,Clear,Sat,1,Auto,212.64
5.51,26.7,2.1,7,Clear,Sun,23,Auto,108.01
12.34,77.0,1.04,8,Clear,Mon,8,Car,347.46
4.56,23.7,2.05,2,Rainy,Tue,3,Bike,88.75
10.54,52.4,2.13,8,Rainy,Sun,16,Bike,159.13
11.64,60.1,0.88,9,Clear,Sat,16,Auto,193.79
9.34,54.4,0.65,6,Clear,Mon,20,Auto,155.95
7.6,39.6,2.45,5,Clear,Tue,17,Bike,138.6
6.77,39.7,1.65,9,Clear,Mon,15,Auto,124.24
5.88,31.7,0.65,9,Clear,Mon,7,Bike,90.79
14.01,65.6,2.99,1,Clear,Tue,10,Bike,228.47
12.63,73.6,0.64,3,Clear,Tue,20,Bike,140.47
14.51,78.9,2.24,9,Clear,Mon,20,Bike,207.89
2.74,13.7,2.96,2,Rainy,Sun,17,Bike,82.75
11.23,63.8,1.1,4,Clear,Fri,22,Auto,188.73
14.14,66.6,0.86,4,Clear,Tue,23,Auto,246.48
3.54,17.0,0.8,2,Clear,Sat,9,Car,86.12
1.93,10.0,1.26,3,Clear,Wed,12,Bike,40.31
11.38,57.4,0.75,3,Rainy,Thu,16,Bike,151.0
9.04,43.4,2.23,1,Rainy,Mon,17,Bike,145.18
12.79,65.8,0.66,6,Rainy,Mon,9,Bike,174.22
2.96,16.4,1.77,8,Clear,Thu,15,Auto,79.59
12.13,63.6,2.99,3,Rainy,Fri,19,Auto,284.19
3.82,21.3,2.53,5,Clear,Thu,4,Auto,87.24
3.29,13.8,2.04,1,Rainy,Tue,12,Bike,72.17
3.3,18.9,1.27,7,Clear,Thu,17,Bike,64.37
12.4,68.7,2.06,1,Stormy,Mon,16,Bike,232.31
10.31,60.5,1.82,9,Rainy,Thu,8,Bike,184.44
8.32,49.6,1.57,8,Rainy,Wed,13,Auto,193.86
6.02,33.7,0.83,7,Clear,Sat,16,Car,164.21
13.28,78.5,2.72,7,Clear,Tue,3,Bike,232.67
6.49,37.7,1.62,5,Rainy,Thu,17,Auto,142.12
12.43,59.4,0.99,5,Clear,Mon,19,Auto,205.87
7.15,36.3,1.42,5,Rainy,Sun,23,Bike,111.04
6.28,29.6,1.54,1,Clear,Sat,23,Auto,122.07
7.48,39.9,2.57,8,Clear,Tue,14,Bike,124.19
5.22,22.5,2.33,1,Rainy,Mon,10,Bike,97.42
11.47,64.3,2.42,4,Clear,Fri,11,Auto,229.57
8.04,39.3,0.53,9,Clear,Wed,8,Car,199.39
4.25,24.9,1.54,9,Clear,Fri,12,Bike,84.1
13.59,74.3,1.7,5,Clear,Wed,14,Bike,198.89
6.37,29.9,0.55,4,Rainy,Thu,14,Car,175.44
8.61,48.3,1.15,3,Clear,Tue,4,Car,257.74
13.69,76.4,2.4,3,Rainy,Thu,22,Auto,316.41
9.74,50.3,0.84,5,Rainy,Wed,18,Bike,144.9
2.64,12.5,1.84,1,Clear,Wed,19,Car,104.51
14.16,69.0,1.04,5,Rainy,Wed,13,Bike,199.27
9.79,56.3,0.53,6,Clear,Sat,16,Auto,179.33
5.69,28.3,1.1,7,Clear,Mon,17,Bike,77.16
2.95,17.5,2.94,9,Stormy,Tue,20,Auto,120.75
12.12,67.2,2.5,3,Clear,Thu,2,Bike,197.01
9.68,44.2,2.9,2,Clear,Thu,1,Bike,147.84
8.47,47.2,1.72,3,Clear,Fri,0,Bike,126.65
13.51,66.9,0.77,9,Clear,Wed,9,Bike,166.54
12.04,72.7,1.87,7,Clear,Sun,18,Auto,236.58
3.12,16.2,1.64,9,Rainy,Wed,16,Car,134.57
5.36,27.7,2.61,2,Clear,Wed,11,Car,186.93
4.48,21.7,0.75,5,Clear,Sun,0,Bike,63.51
11.42,64.9,1.72,4,Clear,Thu,11,Auto,232.78
1.47,7.3,0.88,2,Clear,Fri,16,Auto,41.42
8.98,44.6,1.31,9,Clear,Mon,23,Bike,139.59
11.67,67.2,2.34,9,Clear,Sun,2,Bike,186.91
13.27,69.9,1.69,6,Clear,Sat,10,Auto,232.65
5.79,33.1,1.44,6,Clear,Tue,16,Car,179.92
12.5,77.1,1.49,8,Clear,Sun,22,Auto,216.5
2.55,13.2,1.65,6,Clear,Mon,2,Bike,58.28
12.85,58.1,2.46,1,Rainy,Thu,7,Auto,251.67
2.78,12.5,2.73,4,Rainy,Sat,19,Bike,56.06
6.56,37.1,2.89,7,Clear,Sat,3,Auto,165.85
12.16,58.2,2.47,2,Rainy,Sat,20,Auto,258.38
3.1,16.6,1.29,9,Rainy,Wed,21,Bike,55.94
4.21,21.7,2.22,8,Clear,Tue,6,Car,132.26
11.11,59.8,1.59,8,Clear,Thu,13,Bike,173.63
11.08,67.8,1.14,7,Rainy,Thu,13,Car,357.16
9.98,47.8,2.6,4,Rainy,Sat,3,Bike,190.95
10.72,54.5,0.6,2,Clear,Thu,15,Bike,121.17
8.6,46.9,2.75,3,Rainy,Tue,23,Bike,145.99
4.53,26.2,1.65,6,Clear,Tue,21,Bike,87.65
5.84,29.0,2.09,5,Rainy,Fri,0,Bike,101.78
3.54,20.0,2.15,8,Rainy,Sun,16,Auto,104.75
13.72,80.3,2.74,6,Clear,Sun,9,Auto,318.08
9.17,42.3,2.09,6,Rainy,Fri,21,Auto,195.76
6.61,31.3,2.03,1,Clear,Mon,15,Bike,101.21
7.47,35.4,0.67,4,Clear,Sun,15,Auto,122.07
14.26,73.1,1.8,5,Rainy,Tue,7,Bike,203.15
3.15,15.3,0.88,3,Clear,Tue,6,Auto,74.77
9.21,53.8,2.34,9,Clear,Sun,5,Bike,168.39
8.08,34.1,1.78,1,Clear,Tue,15,Car,222.97
9.56,51.4,2.2,6,Clear,Fri,19,Auto,180.96
1.25,6.9,0.6,6,Clear,Sat,15,Auto,35.87
13.21,67.9,0.71,5,Rainy,Sat,6,Bike,189.47
14.05,79.9,2.29,5,Clear,Thu,8,Bike,214.75
8.91,44.5,0.68,5,Clear,Sat,13,Bike,122.06
10.75,65.6,0.68,6,Clear,Wed,10,Car,287.43
13.91,76.7,0.53,8,Rainy,Fri,13,Car,381.16
10.9,55.3,2.89,2,Rainy,Tue,6,Bike,189.5
3.14,18.3,2.34,6,Stormy,Sun,0,Auto,106.18
9.07,40.9,1.38,1,Rainy,Sat,12,Auto,171.27
9.49,43.3,1.24,4,Rainy,Fri,19,Auto,162.68
6.94,37.4,1.37,3,Clear,Sat,2,Bike,103.78
11.31,63.5,2.44,9,Clear,Mon,19,Bike,159.98
14.08,78.8,2.15,3,Clear,Tue,3,Bike,207.15
13.96,83.5,0.96,6,Rainy,Mon,10,Car,419.05
7.31,34.4,0.94,1,Rainy,Tue,1,Bike,113.14
2.59,13.5,0.75,6,Clear,Fri,13,Bike,48.44
14.79,74.1,2.15,4,Rainy,Thu,11,Car,454.05
12.74,68.1,2.41,8,Clear,Sat,16,Auto,272.37
2.75,17.1,1.16,9,Clear,Sat,11,Car,93.34
13.89,77.2,0.55,4,Clear,Wed,11,Bike,173.84
13.18,70.9,0.71,6,Clear,Sun,0,Bike,151.97
8.26,34.5,2.92,1,Clear,Mon,12,Car,246.96
9.28,44.9,1.24,4,Clear,Sat,13,Bike,112.41
6.59,33.4,2.42,7,Clear,Fri,23,Bike,111.85
1.77,9.4,2.06,1,Clear,Thu,1,Bike,38.9
5.69,27.8,1.45,8,Rainy,Sun,11,Bike,98.97
12.24,72.3,1.01,6,Rainy,Fri,20,Bike,183.46
1.06,5.7,0.8,5,Rainy,Mon,15,Car,44.1
5.67,33.1,2.04,9,Clear,Wed,3,Car,202.31
6.57,32.1,2.44,2,Clear,Sat,7,Car,194.71
8.52,47.3,2.11,5,Rainy,Fri,1,Bike,140.95
13.88,76.1,1.83,6,Clear,Sun,9,Bike,199.11
5.85,34.7,0.6,7,Clear,Tue,8,Bike,78.7
5.86,30.5,2.92,5,Clear,Thu,22,Car,196.82
11.33,63.7,2.5,9,Clear,Sun,14,Bike,202.38
7.33,37.0,1.23,1,Clear,Fri,12,Auto,146.25
4.14,20.5,2.95,7,Clear,Thu,22,Auto,127.41
7.33,40.0,2.0,7,Clear,Sat,16,Bike,129.69
2.97,17.2,1.96,4,Clear,Tue,15,Bike,54.69
3.47,17.6,2.37,9,Clear,Wed,1,Car,130.53
7.98,40.3,2.53,5,Clear,Sun,19,Car,255.48
6.86,33.5,2.14,4,Clear,Wed,19,Bike,126.85
13.81,78.6,0.82,7,Clear,Tue,13,Bike,177.51
6.07,27.6,1.35,4,Clear,Thu,2,Car,181.77
9.13,47.6,2.82,3,Clear,Sat,22,Bike,163.83
9.85,50.5,1.06,9,Clear,Fri,11,Bike,133.41
1.18,6.0,1.43,8,Clear,Tue,7,Bike,16.58
10.29,53.5,1.58,1,Clear,Mon,1,Auto,184.31
3.49,18.1,1.6,7,Rainy,Thu,3,Bike,68.61
14.45,90.2,2.03,9,Clear,Wed,13,Bike,246.46
3.08,14.5,2.86,8,Clear,Sun,15,Bike,63.9
6.8,37.1,1.1,8,Clear,Tue,18,Auto,115.82
2.19,10.2,0.8,6,Clear,Wed,1,Car,86.34
14.96,73.9,0.99,4,Clear,Thu,11,Car,361.46
8.03,50.3,2.72,8,Clear,Wed,13,Car,274.14
9.34,52.9,2.11,3,Rainy,Tue,5,Auto,214.14
1.94,9.5,1.21,9,Clear,Thu,12,Bike,43.94
11.5,58.1,2.54,2,Clear,Mon,3,Bike,168.32
3.94,20.4,2.65,2,Clear,Tue,21,Car,147.03
13.57,66.2,2.62,7,Rainy,Fri,17,Bike,236.48
3.87,17.6,2.8,4,Clear,Sat,11,Bike,75.4
3.67,22.3,1.13,8,Stormy,Tue,19,Auto,87.26
1.51,9.8,2.39,9,Clear,Thu,21,Bike,55.58
7.61,46.3,1.65,7,Stormy,Sun,20,Bike,170.11
8.91,51.0,2.6,5,Rainy,Sat,18,Car,330.74
1.92,11.4,2.32,8,Clear,Tue,7,Car,75.84
11.86,58.9,2.44,4,Clear,Mon,6,Bike,187.58
7.35,32.6,2.14,2,Clear,Sun,15,Car,209.2
8.34,40.2,0.94,6,Clear,Mon,18,Auto,144.8
7.17,41.5,1.86,9,Rainy,Fri,5,Auto,190.88
6.61,34.9,2.96,1,Clear,Sun,19,Bike,101.25
8.83,53.4,2.84,7,Clear,Wed,20,Bike,153.56
3.17,20.0,0.61,9,Clear,Sun,10,Auto,67.68
3.55,22.0,0.91,9,Rainy,Sat,4,Car,146.1
13.06,75.4,0.83,3,Clear,Sun,15,Auto,253.86
14.25,69.0,2.31,5,Clear,Thu,6,Bike,210.07
6.23,37.1,2.54,8,Clear,Thu,4,Bike,99.0
4.79,26.9,1.03,8,Rainy,Wed,10,Car,159.57
10.02,48.8,1.76,4,Clear,Sun,14,Bike,132.91
6.72,37.6,2.6,1,Clear,Mon,2,Auto,158.4
1.36,7.4,2.33,1,Clear,Mon,4,Bike,40.68
3.19,14.6,1.86,4,Clear,Tue,22,Bike,45.55
11.02,51.6,1.98,6,Clear,Fri,20,Auto,194.96
10.22,60.9,1.77,8,Rainy,Sat,4,Auto,225.67
1.38,7.7,1.24,6,Rainy,Fri,8,Bike,34.06
4.11,25.8,1.91,9,Clear,Sun,14,Bike,77.94
4.24,21.7,2.22,9,Rainy,Fri,2,Car,169.63
10.41,44.7,2.68,2,Clear,Tue,5,Bike,165.89
1.28,5.7,2.09,1,Rainy,Fri,16,Auto,43.38
2.46,10.4,2.4,2,Rainy,Wed,20,Car,102.03
12.2,56.4,0.9,5,Clear,Tue,7,Bike,132.14
3.5,20.1,1.65,4,Rainy,Wed,20,Car,136.56
10.14,49.4,0.52,4,Clear,Sun,10,Bike,120.99
4.33,23.7,1.12,9,Clear,Tue,5,Auto,72.49
2.39,11.4,2.32,8,Clear,Sun,7,Bike,47.27
4.4,21.6,2.98,6,Clear,Sun,9,Car,179.82
11.11,59.0,0.75,1,Rainy,Fri,23,Bike,156.52
12.98,66.5,1.5,2,Rainy,Wed,2,Bike,194.28
12.62,73.0,2.5,6,Clear,Sun,22,Car,421.86
6.56,31.9,1.01,2,Rainy,Wed,13,Auto,118.9
10.35,51.0,1.89,5,Rainy,Wed,22,Auto,205.64
3.87,20.2,2.33,5,Clear,Tue,13,Bike,84.65
5.1,26.4,2.04,6,Clear,Thu,9,Auto,119.87
13.55,77.9,0.97,6,Clear,Fri,11,Bike,172.2
1.18,6.0,1.39,6,Clear,Sun,5,Bike,11.84
2.2,11.4,2.46,2,Rainy,Wed,11,Auto,62.54
3.91,17.8,1.89,3,Clear,Sat,22,Bike,69.96
1.37,7.8,0.51,6,Rainy,Thu,13,Car,58.74
3.54,21.7,2.4,8,Clear,Sun,1,Car,150.13
9.16,46.0,0.59,1,Clear,Sat,8,Auto,156.41
6.9,34.0,2.36,1,Clear,Fri,9,Car,217.72
13.5,76.6,1.01,2,Clear,Fri,16,Auto,230.5
12.44,68.6,2.9,6,Clear,Wed,16,Bike,217.13
5.79,30.5,1.42,9,Clear,Wed,2,Auto,105.28
4.63,22.6,1.32,4,Clear,Sun,18,Bike,62.1
6.32,34.1,0.87,3,Clear,Tue,0,Bike,94.11
9.26,53.9,1.26,8,Clear,Thu,11,Car,270.99
4.75,25.7,2.69,9,Rainy,Sun,6,Auto,131.21
9.74,48.7,2.99,5,Clear,Thu,3,Car,325.46
6.73,42.7,1.42,9,Clear,Wed,9,Bike,119.74
8.73,38.1,1.62,2,Clear,Fri,12,Auto,154.94
7.11,34.8,2.31,3,Clear,Wed,1,Bike,116.68
5.12,24.3,2.72,7,Rainy,Fri,9,Auto,142.35
14.28,86.0,1.98,7,Clear,Sun,20,Auto,306.42
11.69,54.3,1.48,6,Clear,Fri,21,Auto,221.99
2.96,16.7,1.53,6,Rainy,Wed,3,Bike,54.94
13.16,56.1,2.24,2,Clear,Mon,17,Bike,203.28
7.82,43.0,0.51,6,Clear,Thu,4,Bike,89.53
13.52,75.9,2.05,4,Clear,Sat,18,Auto,284.65
12.2,59.9,1.39,3,Clear,Fri,1,Car,311.65
6.95,34.7,2.49,2,Clear,Fri,11,Bike,112.25
1.31,6.1,0.73,1,Clear,Mon,16,Auto,36.43
4.76,23.1,1.97,5,Rainy,Sun,9,Car,163.34
8.58,46.7,1.7,2,Rainy,Sun,1,Auto,182.1
9.87,45.1,2.11,2,Clear,Sun,5,Auto,173.95
4.61,27.2,0.66,7,Clear,Sat,7,Car,125.7
2.95,14.8,1.95,8,Rainy,Tue,18,Bike,61.7
12.69,66.6,1.9,8,Clear,Mon,10,Bike,202.47
14.78,72.0,1.9,4,Rainy,Sat,11,Bike,220.94
8.36,41.8,2.01,1,Rainy,Mon,8,Car,281.73
3.4,18.5,2.19,7,Rainy,Fri,1,Car,136.58
4.81,25.1,2.51,1,Clear,Thu,7,Auto,97.84
1.26,5.9,1.17,4,Clear,Mon,10,Bike,34.27
13.8,67.5,2.56,8,Clear,Tue,20,Bike,229.5
2.65,14.2,1.75,2,Rainy,Wed,3,Bike,57.95
9.07,51.8,0.69,6,Clear,Sat,9,Bike,127.95
4.84,22.1,0.65,6,Rainy,Mon,20,Auto,106.96
8.76,51.9,1.34,9,Clear,Mon,19,Car,263.82
10.12,50.8,2.46,5,Clear,Tue,15,Car,314.7
12.62,70.8,2.27,4,Clear,Thu,7,Auto,260.91
3.89,22.6,2.47,5,Clear,Mon,3,Bike,83.13
1.15,6.7,1.79,5,Clear,Mon,9,Bike,18.91
2.92,17.8,1.6,8,Clear,Thu,11,Bike,60.36
13.6,72.9,0.87,8,Stormy,Tue,13,Auto,281.67
13.23,71.3,1.32,2,Clear,Sat,15,Car,343.93
9.36,52.4,1.59,7,Clear,Sat,21,Bike,139.14
9.41,45.2,0.72,8,Clear,Mon,17,Bike,104.39
10.31,54.7,1.05,6,Rainy,Thu,20,Bike,135.43
3.46,20.5,2.0,5,Rainy,Mon,21,Bike,74.03
13.8,83.6,2.34,9,Clear,Sun,20,Bike,238.52
6.86,30.9,3.0,3,Rainy,Wed,11,Bike,122.4
6.36,34.7,2.83,4,Rainy,Sat,17,Bike,116.45
8.26,51.0,2.11,9,Clear,Sun,6,Car,276.05
1.66,8.4,1.55,6,Clear,Fri,19,Auto,53.86
3.33,18.7,2.09,8,Clear,Wed,23,Bike,81.88
11.33,64.2,2.46,7,Clear,Mon,22,Bike,194.35
2.16,10.5,0.8,2,Rainy,Tue,6,Bike,54.42
9.44,42.6,1.52,3,Clear,Sat,8,Bike,114.02
4.43,22.8,2.6,1,Rainy,Fri,0,Bike,87.6
6.45,40.4,1.46,9,Clear,Wed,5,Auto,148.03
5.04,28.3,1.93,7,Clear,Sat,5,Auto,99.23
5.98,31.5,1.97,1,Clear,Thu,21,Auto,116.95
11.07,54.1,0.96,3,Clear,Tue,11,Bike,146.02
5.16,24.1,1.41,4,Rainy,Wed,21,Car,169.06
8.93,48.0,1.34,4,Rainy,Thu,11,Bike,128.22
7.66,38.1,0.57,5,Clear,Sun,9,Bike,78.66
10.29,57.5,0.56,3,Clear,Mon,22,Auto,179.56
14.12,62.5,2.58,3,Clear,Thu,5,Auto,242.92
11.26,53.4,1.18,1,Clear,Wed,16,Car,286.38
4.01,21.2,1.8,7,Clear,Wed,18,Auto,85.65
1.44,7.9,1.25,1,Clear,Sun,17,Car,76.39
4.67,20.7,2.85,2,Clear,Mon,5,Car,153.33
9.33,40.9,1.15,4,Rainy,Thu,23,Auto,192.15
1.72,8.2,1.57,4,Clear,Thu,18,Auto,52.21
7.95,45.1,2.68,5,Clear,Mon,9,Auto,186.4
9.36,42.6,2.6,2,Clear,Thu,23,Car,276.16
5.68,27.1,0.97,4,Clear,Sat,7,Auto,99.05
11.79,50.4,2.51,1,Clear,Mon,20,Bike,165.68
2.49,13.0,1.65,2,Rainy,Tue,23,Auto,86.11
2.05,8.7,1.71,1,Rainy,Wed,5,Bike,47.85
11.19,54.3,0.83,4,Clear,Tue,20,Bike,140.89
7.94,38.7,0.7,4,Clear,Sat,6,Bike,103.94
10.64,57.6,2.32,7,Clear,Sun,23,Auto,226.92
7.09,43.6,1.74,9,Rainy,Sat,0,Car,246.52
4.45,26.0,1.59,9,Clear,Fri,17,Bike,97.93
12.47,73.7,2.32,5,Clear,Fri,23,Bike,193.41
12.19,67.1,2.41,1,Clear,Fri,19,Bike,189.38
10.73,49.7,0.9,1,Clear,Mon,11,Auto,180.92
4.81,27.6,2.03,6,Clear,Thu,15,Bike,104.74
9.26,49.1,0.84,2,Rainy,Sat,9,Bike,138.11
6.05,36.8,2.38,8,Clear,Tue,9,Bike,106.37
2.28,12.3,2.14,9,Clear,Sun,13,Bike,51.53
13.84,72.1,2.89,4,Clear,Tue,19,Bike,224.79
2.92,15.0,0.67,5,Rainy,Tue,9,Auto,68.28
14.3,85.9,0.64,8,Stormy,Tue,9,Bike,219.07
7.24,33.2,1.21,3,Clear,Sun,10,Auto,136.92
